{"cameraMode":{"drawMode":0,"name":"Shaded","section":"Shading Mode"},"sceneLighting":false,"audioPlay":false,"sceneViewState":{"m_AlwaysRefresh":false,"showFog":true,"showSkybox":false,"showFlares":true,"showImageEffects":true,"showParticleSystems":true,"showVisualEffectGraphs":true,"m_FxEnabled":true},"in2DMode":false,"pivot":{"x":1.8219585418701172,"y":12.028770446777344,"z":10.336565017700196},"rotation":{"x":-0.10766173899173737,"y":-0.8883019089698792,"z":0.35918527841567995,"w":-0.2657356262207031},"size":21.814626693725587,"orthographic":false}