{"cameraMode":{"drawMode":0,"name":"Shaded","section":"Shading Mode"},"sceneLighting":false,"audioPlay":false,"sceneViewState":{"m_AlwaysRefresh":false,"showFog":true,"showSkybox":false,"showFlares":true,"showImageEffects":true,"showParticleSystems":true,"showVisualEffectGraphs":true,"m_FxEnabled":true},"in2DMode":false,"pivot":{"x":-0.3570222854614258,"y":4.867941379547119,"z":-0.07288193702697754},"rotation":{"x":-0.26383551955223086,"y":-0.04975660890340805,"z":0.013396566733717919,"w":-0.9633470773696899},"size":6.910683631896973,"orthographic":false}