{"cameraMode":{"drawMode":0,"name":"Shaded","section":"Shading Mode"},"sceneLighting":false,"audioPlay":false,"sceneViewState":{"m_AlwaysRefresh":false,"showFog":true,"showSkybox":false,"showFlares":true,"showImageEffects":true,"showParticleSystems":true,"showVisualEffectGraphs":true,"m_FxEnabled":true},"in2DMode":false,"pivot":{"x":37.410667419433597,"y":4.409302711486816,"z":18.93266487121582},"rotation":{"x":0.057538993656635287,"y":-0.8217984437942505,"z":0.08439221978187561,"w":0.5607338547706604},"size":1.3253782987594605,"orthographic":false}