{"cameraMode":{"drawMode":0,"name":"Shaded","section":"Shading Mode"},"sceneLighting":false,"audioPlay":false,"sceneViewState":{"m_AlwaysRefresh":false,"showFog":true,"showSkybox":false,"showFlares":true,"showImageEffects":true,"showParticleSystems":true,"showVisualEffectGraphs":true,"m_FxEnabled":true},"in2DMode":false,"pivot":{"x":-2.2351741790771486e-8,"y":0.07675135880708695,"z":-3.0547380447387697e-7},"rotation":{"x":0.10981500148773194,"y":-0.7486550807952881,"z":0.12847711145877839,"w":0.6412414908409119},"size":0.1152472123503685,"orthographic":false}